suhu,rotasi,vibrasi,jam_operasional,sisa_umur_pakai_jam
42.6984491019081,1051.3710578938014,2.509210347144502,1487.8876752628878,2934.862935032353
97.0051503962921,2407.165507504141,3.483249854988617,4455.8124756705765,0.0
56.260891111023696,1120.0268585600597,2.4323620916220374,2262.0550924510985,1782.4322352067816
82.97910440573412,1908.7633368549523,3.7467102663901937,1456.2133211344535,1172.7545359577912
76.04193038420965,2115.242249031202,0.48930002829978503,2583.151763403245,652.0107905338609
66.95843023050116,2268.1343039379353,3.2433082247903586,204.38480954109383,2539.0656968213125
87.90556292490025,1465.3756923390627,0.7966032618192925,4794.5684799668725,0.0
31.007906498949374,1078.2975491521338,4.894566805511029,2124.6959938785308,2170.3812559408175
87.8107115724587,1944.5709597081186,4.7685750526868755,2022.1961052624104,651.8315379813947
85.45826047817332,1297.8234704775782,0.9221466628160546,982.9158132713767,2759.5744676199733
59.28584861750203,1010.4421362216873,0.10405859122166017,2699.273947423167,1896.960502520058
51.07831243696174,2310.306501096504,2.439376692411541,3393.355232278334,24.273793403856814
54.15953124935926,2116.6167022280697,3.5478352460878293,307.01676783926047,2989.2921743054603
30.04383165338855,2381.6194460195597,1.9688634444137216,3676.015742168769,0.0
94.09459005703734,2210.7030891109753,4.858595429587313,3309.559896257841,0.0
93.24243535104637,1312.6605028429422,2.2181613948694876,2742.4909966159425,614.0570786343294
30.323669694468887,1372.1817619933659,2.1040011017440037,3977.447090316511,409.57018353339487
81.25785060579439,1049.8418827239818,4.848899940032566,4661.598068405001,0.0
42.36329951231092,1096.5913786546062,3.7675560431599795,2728.791238107358,1504.797072143404
77.8059408053081,1169.8518036380144,0.37349150170476797,656.7915473399111,3391.156749909702
47.705810005031466,2291.556891364558,0.2155124620713722,2720.4608061137374,1004.5198666848318
77.50961910710392,1836.4106270112138,3.199321503347793,4398.850967130173,0.0
38.33671698300222,2150.122442513082,4.691408917667203,1376.5876505011204,1813.1236154855394
36.307427844561445,1910.120293390904,2.4591292022653284,1200.7605495534863,2756.4314212090258
35.41775525649729,1076.7258987371783,4.256061445447672,3312.711839987221,880.2870918113588
96.34838103953948,1375.1819866892238,3.5896501423153717,1381.1179890648218,1814.5759525651126
70.74484654430331,2351.3247265503974,0.4345228726977851,929.4318203707307,2117.8257599858216
86.57408222720066,1679.15996131156,0.056444921317307384,1896.2812644569683,1771.0139746981706
96.41339431002793,1728.689504624754,0.9599685320617796,1189.0499095981327,2152.3205517874853
80.76463581215557,1331.2659775614998,0.7010325804391931,4572.655982057289,0.0
73.3617882310075,1257.1592377699956,1.5782957302380796,2844.5299527320176,1152.148240542016
61.080461687440575,1707.0553200289455,3.2525774185039467,2726.198888491595,635.3487261597937
79.05633853710323,1909.7099301351432,4.392721842746708,3604.2288748260917,0.0
51.947928160765464,1150.7702064405078,2.630998296175187,1192.778011957532,2936.612555735576
38.94370319996755,2254.0064887967465,2.1652277526292525,4646.4344507425085,0.0
39.94827662829498,1840.4374840613195,3.126359831886731,217.97967966576016,3474.623154567802
53.2730577294287,1522.7217044136382,4.11371237021827,3326.907668913997,326.6256052233784
42.28628387514367,1728.4681789557824,2.3752903252747286,2950.540052313512,895.4314680242724
84.69555668723214,1113.4302323657303,2.091381545940622,2640.7850575203915,1190.9032191409383
67.92038899369643,1737.4974815621406,1.636480874131872,410.719298421916,3263.5733391334325
59.15464135487697,1800.4084842142224,1.5536413580137298,1627.2919048962276,2269.815064237895
48.50753964033035,2479.1340278494135,0.8964946359730053,1350.7031882370618,2149.593772532368
64.95412095090369,1219.782016476474,2.089357382818524,2892.3232304470757,1021.4464227491692
89.8859537898649,1079.0898548329696,2.6430355850776666,4045.4022352248257,0.0
94.48151114501938,1058.3561036168555,3.7872892034393435,3372.9921863189193,0.0
83.84723874800284,1865.590559923372,3.959189417808478,1001.1120509814242,2117.665291439841
66.30904741749487,1524.1425610790643,2.8656386808121868,2639.877498773974,821.07223653287
55.83934161055545,2328.077216536215,3.7146924083713957,237.55112804736356,2732.7924830234865
82.38995214342869,1373.050117340585,3.15789743648863,3545.971843715288,16.258951952288996
50.849976716650126,1430.6019783954382,0.2957326595657156,2612.7865219183177,1734.2592427689124
35.683748708124284,2195.116346276375,2.188566849599635,405.3977463181407,3125.357944462673
67.62569810521923,1386.442960723688,1.1791276753088726,3928.756474439377,31.46306627549096
30.787446265119375,1134.4684495113816,3.364170061686522,1121.3497319583564,3165.4584344645336
78.73269010051487,2425.0438312520937,3.65674451572722,2779.7619419802427,0.0
90.14812424046403,2118.437749162147,0.9440404476569625,4449.308697633912,0.0
81.79511284248761,1667.2072919819852,3.0699949185414397,143.44494534181186,2814.5193453846655
96.81340567722474,1162.3459496906864,3.8213469585311644,3557.9949246929027,0.0
31.235724378248,1947.9764675149554,1.537024299798671,1942.2995005717353,2207.185779003227
81.08034948550954,2265.496738949896,0.22120173308246338,4927.9078126614695,0.0
98.38903849191855,1216.2364610850916,3.308710325497322,4043.512017945269,0.0
88.64178134694151,1166.163672400189,0.9919825522164044,2299.163721980013,1479.3830570149366
53.65221336295051,1508.1503466996396,0.027041278505726685,4743.02630996125,0.0
91.90332139758175,1027.469370099214,2.398295350431392,3847.411228416339,0.0
71.13257471423171,1568.4090305491386,2.5033182686723707,2424.646987529594,1264.256495289355
91.61532683231457,2492.9235755430063,3.7260449479023565,2796.7752626621823,0.0
63.802982390677414,1256.1039671890182,1.4796599266481325,3941.3318795915557,222.55469836026543
63.93143093875926,1543.855905558766,2.7143394738220072,3503.8953188850746,237.50357901589663
52.58176586253021,1215.2949264710876,3.1095145880616144,4042.9958760198724,220.65529738703208
64.50516118809293,2020.4069143436686,3.102723226123099,4088.320910539034,0.0
62.66464019691178,1519.4591821338736,3.055131133506432,4067.948537233496,0.0
31.718062527912323,1694.1260390488205,1.9616855395517536,4968.275685291497,0.0
35.7938734724276,2262.746877699814,0.1520877136265103,2698.651754700978,1278.2443491758397
84.19667879006752,1228.0922170704855,3.5595127944670617,1285.9900714681737,2184.673073720372
65.4427642149259,1631.90011232006,3.672374374224774,2794.461506076495,511.8910166208633
30.146362811536317,2024.9332750132307,2.789307784527378,4216.534428226179,0.0
77.34596100220313,2005.6519770747047,3.5127796325126335,4906.463271023745,0.0
45.52212746310032,1616.841573965197,2.4188909957164983,4368.398839538849,0.0
62.5174583979029,2209.494206911194,4.905768728926873,1339.6440806512205,1341.6171532662968
75.32551928137879,1195.2542255036421,1.2300941173297848,3963.6086308361623,185.13879424536958
87.5758807419571,1931.0047824918747,0.14600701114228065,4887.685197704166,0.0
35.68884342377608,1208.7568331984783,0.36937537376485086,4500.173549983517,197.21244322557385
96.95426675324032,2132.6387430570167,2.393476511629187,4941.65446201131,0.0
65.41740595797287,2414.55079325645,2.594541814043381,1065.7642804878071,1864.9979062204407
70.00023875182374,2384.494869369235,4.222168858108796,1341.2873065848758,1204.9491850184722
90.91727491517663,1427.5917365205967,0.4719121474443583,3289.8599256932503,465.3783337090633
81.97361649375122,1367.1227900590827,2.012094194421779,3353.861003888806,296.80642408188015
35.85433002301779,1079.7140891710778,4.776736925521004,1673.8465327565466,2443.9788962059642
94.57466426898644,1193.0461670340712,4.695682028084708,417.42000677203407,2777.3318424313106
64.86713349344807,2074.243581161869,1.4246172442897804,4357.979871383218,0.0
78.27912798334832,2097.95895356582,3.628318927917911,1621.7675789559128,954.4507047197368
49.26811043163589,2459.31845095588,3.8764675098016528,1428.9841234532048,1437.3325048259608
84.77922355776599,2244.556483617782,0.4594992536023068,4825.255066750369,0.0
41.945049271303404,2487.0896042080803,2.035692049371023,2786.5763947480104,542.3690232340296
41.93551287157526,1221.976995211694,2.9207851244250476,3222.8478411398737,979.7070585428338
55.37809960847081,2359.637305277681,2.2381658048407833,2921.453300290047,173.320719987701
83.40767396438301,2305.1404586899425,2.0534938320363283,3540.960779727868,0.0
70.03804627843957,2097.1589790827275,2.162117119830818,4992.090844004638,0.0
32.86364780101866,2394.4823732743516,4.287045341964925,3391.827641622352,0.0
50.80460580625979,1934.838969665852,3.4709748755147265,2618.479622152765,743.0259344900065
91.92247169374045,1787.7592167566004,1.4287188186353,1300.0707753596107,1849.4613140264444
32.590595435313915,1314.1567087030803,2.3874082923032995,4438.228446732066,0.0
41.09310235814914,2412.2188093394516,0.43657219731001284,3823.642650350791,0.0
83.98605773221402,1401.6016517111152,0.1641136713982566,2531.9067233567944,1294.6608955184945
46.2525026988592,1555.425750939234,3.7119403852274706,3898.071425651483,0.0
43.645326529645686,1725.1040085980649,3.7303344498560604,2733.9561521667633,758.0074471927926
76.54072473869162,2065.3183995471345,0.753602762849167,1767.2788235049447,1407.7282735639096
44.21961257204686,2026.302816145576,0.8890262729159509,4889.69727568253,0.0
60.7776383571829,1603.933102741474,1.4565398560689446,546.2871898840054,3157.004717975807
72.3027167213395,2331.4667373639168,4.52201770963554,820.0069247839837,1787.4500254353263
41.26303948745271,2086.0139913868456,2.086293853234744,179.01502650534252,3379.865056942118
39.373319893167285,1050.3645201584145,0.19312867025278735,3877.5770873648703,886.6966539048088
97.30458033866276,2277.6737556629478,4.514180984035374,2635.078717598777,0.0
33.2657427755546,2209.9141321183083,2.7427393741195187,4737.41952081598,0.0
89.32203267563725,1970.6880989608894,4.174136793146416,4820.02379236134,0.0
51.76036419587663,2013.8361455895313,2.848498356051406,3022.766875928187,551.9232837041599
92.85398085640374,2200.1533673721797,3.2827969286263636,3520.6247637925067,0.0
77.04838158513152,2464.1051455181973,0.8680770024434481,999.5196401784973,1824.7149177191723
79.72974458585716,1695.6050905660886,2.1572282166911014,3534.233870383857,0.0
78.22023692473907,2140.861322765446,1.6126638067762722,3882.4693903426523,0.0
36.76324637640932,1507.0696836125035,1.7571697766983223,2899.173816866289,1206.4615829511392
47.829749628732266,1635.277097682208,4.038074094284494,4866.145736608385,0.0
73.1576371216525,2103.223397862302,4.155426976563294,956.104358897264,1961.2349938265575
62.556582697073004,1061.8127157402764,0.4624743404424797,3895.105342232367,326.3006534980199
61.62327952938922,2241.0106902569523,3.1826878861673444,3467.2864870260105,0.0
92.67621645996846,1948.674007349347,0.4823126956569712,4578.533952055646,0.0
86.98542858316924,1020.6529077313729,1.1805931025988596,3870.164018571781,212.20835434340032
81.92780876326013,2483.1191235131446,3.6979239000156388,3154.0479343996803,0.0
51.77961308176194,1486.6576659030852,0.4599478285563019,281.5996792336034,3862.0245010274243
94.94676590917045,1101.378341003552,1.7843341516735793,3243.4426028523285,407.9835440740548
44.64801955176709,1483.6131031175476,4.537181761784459,3123.9821965511005,605.761923393417
50.11517003095138,1200.2210507618904,2.642648569901918,700.4611011909923,3539.7809764203494
30.940763782337353,2224.576724952387,4.7454651329537585,4852.787026809119,0.0
48.663865158747655,1794.4544433926758,2.6804904417509743,4091.301322692138,0.0
72.00171684967673,2169.3610709270943,0.21137579901709946,489.24539398171595,2966.524711721686
50.75181855375594,1374.937522114159,3.3493049185314834,1084.3288943151224,2658.824842398823
71.81746155273089,1366.08325297827,0.7488523100857059,2520.0441143204534,1563.1704657361752
40.63320490282352,1661.0816981084915,4.972238853685369,3314.242740251455,299.72087697854585
73.97186658404277,1325.2255166022437,1.6464582531000467,229.75367303778694,3642.2794482103072
56.84978573453486,1578.8784598564507,1.374967023246535,2191.6963696792877,1819.1117163617257
84.17421964871663,2014.1124114589081,0.23599295097623318,1644.7293215685022,1497.5753626458816
42.38488813570696,1966.263362654561,1.9327512619742322,4403.48911853367,0.0
74.25411144537918,2101.744238527809,1.5400287226447484,211.90266160644398,3157.4462232497795
59.573007524156864,1129.4882853749873,0.7599484049922234,1479.8691882724079,2992.1244950111554
80.86141819806909,2225.3234626163967,1.2946190039835188,1823.8708439561324,1362.8884514928088
61.72330158351613,1308.7407167893361,4.148552303323062,3845.1659291685824,0.0
84.8074692529421,1683.7954587104357,3.0246662432624345,2125.844819609504,1041.3264402960149
61.57224524153912,1417.3948876285108,2.017292827909193,932.5916084781999,3172.985616086888
60.45668958617063,1324.118372722898,3.1653582017404287,60.93790591976567,4005.2760480145826
46.25977138533906,1895.462535353261,4.640424615831566,3267.0715290600438,12.117299723775616
81.917263991813,1013.1189927426102,3.9374576939108934,314.53813601787505,3541.6771937160634
37.52621716511993,1104.2070078902502,1.6794188708751405,451.6847406566171,4330.0941444282225
90.44318878845662,1912.6227500296704,4.557483979706114,4091.7446577743376,0.0
62.16229039705111,2413.1780187391673,2.8360055254633405,1396.2642560344846,1511.676334883412
95.19164975498045,1567.2519520762248,0.38974046228310133,3249.5514346693044,278.1814790038591
58.79336356763463,1909.7575230105099,0.285012074970733,2676.467368564665,1090.5006715877112
33.09575850525057,1400.2366298663478,3.483579108906589,2724.2954283728136,1514.6871450434978
55.57003247458436,2376.47151992461,2.7285377235915043,4766.173444848323,0.0
71.90001126094981,1792.5786462443975,0.17028897626695016,141.38684442357996,3594.198308402991
66.85646966392207,2222.7794967073787,0.6983006870520886,531.2430613857061,2878.5977862923037
88.12390787167968,2177.52307966385,3.5128804842818684,2999.0498031190514,0.0
68.16634326477364,1541.869699599023,1.2834599187612339,4059.2542357872526,0.0
99.65229770204824,2446.6628699319754,3.6411669535033706,1386.4010907796492,746.6688808069484
55.786167801980845,1904.5837202237456,3.0118097665206363,1583.2842578554628,1905.2138372468253
98.82194373451189,1844.2085105494998,2.6684695244832435,890.1619824460894,2144.136464065656
55.25537906632039,1007.3090345876595,0.13686954150161856,619.9797606235879,3922.93390705708
40.34256929145414,1876.5350444397707,4.943205452976152,2650.3814217393688,683.3573895542136
70.156031343991,1116.6872449922553,2.880195529196019,1380.168611072829,2356.493948468288
88.72435502303506,1067.113542945398,3.075446947742269,700.8701386100247,2808.239308377366
75.9616653860325,2325.8342746406697,4.5059932023019735,1512.1020587533158,979.7307723285289
68.52816239741195,1429.324271240555,2.294619822761682,1036.3364275287174,2644.591750810184
56.1028761917961,2192.9676937970344,2.017982287629389,918.8690273887512,2382.817441811545
89.88263729247734,2338.8496227771448,2.1161005778176367,1819.6468909688135,918.8923483853459
84.25793790449056,2308.2609765363823,2.747403714492202,3302.0536322144862,0.0
55.23441892248645,2125.7605220237,0.589879737189899,1185.5292875733326,2218.793305084262
75.31150875532981,2454.6621797403805,4.2375663700569275,3640.481411912997,0.0
87.52805859140258,2356.480263258369,2.3861607216040888,3577.4058202625697,0.0
60.952571636468505,1667.3167827070197,1.5174842413381295,3945.4779207587794,0.0
75.94241423847954,1684.537466910851,3.8605939407291983,2462.9212322944813,868.5477569877976
72.74929398268208,1009.2822114163434,3.394446666232392,2160.605575256828,1725.1829458614175
90.57856668839361,1033.7420759612075,0.15692920989697268,1209.9358438788504,2905.381475861528
65.46680751306101,1570.6121210912202,3.976155727879184,4537.735718714552,0.0
97.39587676062574,2405.737103835234,1.4568439885701134,1350.4325679517704,1431.4267152098234
86.51532140615305,2304.2617973171486,0.7251937043424328,3819.398445335433,0.0
51.10993094424285,1961.6612591098528,3.885577530004034,2744.4554766421916,658.2535255787628
93.82259511413892,1049.8466263541711,4.120488535173806,2898.674854845746,445.1753355694332
93.02371620778459,1156.9382759379116,4.283599837612401,1945.3636948575092,1245.4990612403863
97.2429579804551,1648.4649537146943,0.22623190059940235,3546.804957672933,0.0
38.582578534074834,1445.222951299384,1.93579217703763,2585.717211229876,1747.4786939208313
96.40695742139924,1774.9610091435611,4.052719713493927,2068.812409758175,623.7545161382989
40.45073159132434,2177.019197790294,3.9499892759114252,1086.8734190387036,2489.16444350389
72.28125887332166,2220.7639462030593,3.8360938861095177,3200.665406287616,0.0
76.91225920445211,1141.5058496319393,3.5176224180403515,365.0274042460522,3192.3049554131308
51.638983680998535,1209.7387747733196,1.2424159153545966,1451.5916661561946,2975.335466072844
59.237045229383725,1835.9511641988236,2.821506447573019,2288.598066000021,1163.6084797959552
51.56391019238721,1784.7020657854682,1.814609724983448,2177.6315392438933,1512.7064769446954
97.74051812394237,2415.2560784008615,1.9449577098865807,1078.445517301157,1432.7878062278633
85.66513046813252,1912.6638614194994,4.024439139056601,1194.8075336059032,1841.8143607375193
92.15073842631884,1709.0166964439823,3.4287047587238457,2471.608566421764,688.7139375038499
85.88683258575907,2299.593231843349,3.6231510910486198,1349.313195559812,1157.2580051278476
67.81267443075316,2366.5846665301287,0.8859507377847509,1382.6327034484975,1795.4569678506684
38.686983963209514,1520.820952830958,4.589326779657524,4269.7680638913125,0.0
99.66072064916928,1845.5601064043872,2.9808318397267284,2442.298181070653,391.1124933002903
61.77660349822034,1622.2297539740625,0.6345191132697681,3815.763202843388,0.0
85.78531886449736,1282.6616864048626,0.283227469806257,3374.221120901327,414.9246526607563
84.67111316963526,2315.7008009482697,3.2261744044359393,1668.1423519075784,1120.92088824489
96.39103356509636,2186.65122129647,0.26122901673275467,2472.6384107531576,605.2649525978417
64.71219201932655,1420.6459150276892,3.289456160006819,3890.706351699623,0.0
77.63901529795722,1979.0020350725367,3.4560325136906433,1376.7836954437835,1715.0862809576033
86.87992459464003,2400.9916646913052,2.735504424977174,3882.9071600577213,0.0
54.32389819349312,1350.5671876724664,0.48866791856275793,2886.393514960743,1316.59427727898
68.14886289994674,2297.0820177726955,3.057209093004049,3079.8132017071016,0.0
98.47223153184025,1240.8814699148465,4.748273129280226,94.33086123836421,2972.12924325013
42.0674291711142,2269.292099686035,4.355300730744446,2248.3684941054944,911.7650283512558
79.29240538925315,1974.3250687116138,1.5373020665141068,2083.5792618358396,1071.6842477725081
95.44058928333983,1538.5557610657652,2.5226153444268244,112.07062218911989,3134.5760268062295
74.85714089461896,1475.214301770249,4.084215667283483,2527.9906293232725,744.8038663128829
92.91738356591455,1168.50186988698,4.699213422741404,2694.242415802181,542.840172649795
59.73535944212995,2214.666978276392,4.6449769581991305,4806.077399385798,0.0
43.83644521472716,1973.4603132710013,0.11360629159567592,1371.843152165101,2856.6931998391274
49.06824185081249,1860.7937539613158,1.087829008454972,489.934133379874,3400.129589914179
71.21745326661201,1704.9053343697578,1.107563589199085,1011.157254910972,2735.724249696557
84.33779435774464,2455.0648899902494,0.8690128367577232,1733.1083985415435,1187.1506857891009
52.66558008278598,1369.4446832124813,1.0007154129632634,3005.3741272165407,1167.639831642245
84.24155838637722,1453.7888485038866,0.6951522160801643,3252.8984809596304,623.1803666105783
59.13390963922657,2043.5420873520761,3.260012354960477,382.2779070845883,2712.5690840954344
97.55709198371326,2050.022205955177,2.5036779698461324,2287.3501369003197,471.36734790216553
84.884108383446,1337.72497939891,2.1352362160574057,1681.3935834570764,1896.328971815358
80.99764832899216,2246.615112758478,4.385192261132557,2833.449744280351,0.0
86.7199715746296,1163.9675932480764,3.8919742490148423,4103.09807767643,0.0
34.56118230512026,1102.8695354375645,1.035986305876349,2956.2604086623123,1783.185303123341
30.04159226440382,2228.9778966841995,3.870032218747151,2043.833645638858,1453.773939552089
64.95049697797253,1050.5060253700965,0.09795617522331768,164.11138209148191,4398.495074065238
63.02453180423791,1438.5928461936273,3.054168714673948,3603.1734204389263,32.90505772967574
73.149176210243,2450.7014066945976,4.819597686921078,283.9811640808043,2146.8902929885257
96.3039844513845,1088.9339347452858,1.3505517853882032,1281.6692442345163,2543.323697096808
59.81656851014931,2117.0861244134603,3.235522779970335,1472.0457315682977,1758.6331905659567
43.06767930568635,1649.6773575255152,2.957668511375817,890.8809418047186,2782.315153717496
52.798277581276814,1327.7222178449322,1.2631946647768744,1718.3708740547377,2494.1953946523404
83.77743073758126,1506.7835435881875,1.1466718075169875,2013.6043077920197,1627.7822800676943
96.64118477354278,1860.1777806907537,2.204873833140342,3561.3999646147877,0.0
66.11725554921757,1581.1928386620189,0.05164220449416612,2105.4132496327093,1965.4169176992768
31.970719813005477,1346.0881652746384,3.333709501154955,2114.358447125797,1993.370229312104
99.06999068634353,1753.4350637385828,0.47936488504682184,4131.645520201456,0.0
37.30677863527753,1727.0534946829744,1.5950042600282066,908.3416660725269,3214.0244014650593
65.01767484203418,1629.9478480518237,0.7061245458103027,1362.549587150798,2721.6342298179343
59.82876611150067,1051.219099811218,2.4057619657510436,3943.463805883419,146.59520527812586
77.57901541868293,2095.1041991794655,1.605628884967612,4236.722064583396,0.0
74.65417884116818,1012.6856378810392,3.1851230046842893,1014.5177350183287,2615.296583281578
64.24411960383651,2269.95174001885,2.002671571595353,2603.694651999064,617.9740342011803
34.84076664122114,1725.969017510838,1.8213734439333646,4658.118331503006,0.0
68.78312795578216,1195.9016371759583,4.143072793714723,4696.017013272727,0.0
52.996004172896264,1812.5218296988446,0.7721771259744881,1418.7538248763915,2585.3843220929266
61.58182979445015,2078.828226833378,0.3105244746629132,3489.6971094104306,0.0
40.5093703775743,2321.6339335783478,2.4296423106204736,1723.5926733757506,1690.815230452635
37.082505128127536,2086.7284745263432,4.827364563883064,2937.661843675103,329.72042453084936
57.46819646547602,1252.8423687243962,1.0037721300513418,687.3352545362116,3772.8276131291195
82.20399921129045,1978.7778214017105,2.907934114066391,3408.2884065128083,0.0
59.79593002891802,1414.0203401249514,0.08861738614362513,3395.2424829193938,723.943880090575
70.16255520305873,1258.2046986129162,0.4874121532697412,4191.626570903782,0.0
64.53845232441014,2295.310007495798,4.582526385536166,3428.9175105903696,0.0
96.13720461686819,1638.6441526651415,1.1314549399197404,1402.0369037832086,2023.0187137283388
77.92039145105113,1356.589075470678,0.5542631490726052,2879.92066060916,871.21190564549
89.74926591438873,1925.2380105717177,1.0606357996049398,3452.782772234505,0.0
45.17777076479225,1718.3291564015171,0.8682125643130612,4867.779468090273,0.0
38.66843046318858,1528.079138488706,1.8585330820718853,1395.2318162002125,2562.4656414343976
61.38548060413808,2451.6772569337436,0.311018041400285,698.0899257995283,2689.7399254820048
35.23205218943364,1646.3038989798954,1.2943052281878482,4173.519455318443,0.0
35.83779646777443,1212.8980646951125,4.82309141632576,3126.8055557716234,1088.534388636951
78.80844026476701,1438.43227249585,3.1672457033477808,4885.1743780286815,0.0
47.572464793458785,1352.0018286646114,3.563975685726902,4748.440433368424,0.0
65.40028194541594,1439.5996967670908,0.008714829866297014,4603.703266435588,0.0
80.80396709684626,2401.2559170275526,3.346791059469132,1823.2720632330606,960.5190349236002
93.15470683982001,1014.1726879716082,1.0539278539796797,4196.891873521087,0.0
68.09756782275062,1838.322790723988,3.2437689308607403,2317.8001002457586,943.9402247130906
56.50746155363933,1514.581914408298,4.009425615590444,3699.2809721371364,0.0
31.28428721127535,2394.7129199951096,0.8422379421628406,455.9622623208881,3220.0875936570305
38.50553331035802,1814.3120592667974,2.2990498158927886,604.9143477157793,3207.7307163285377
79.42172675573204,1283.768353510007,4.793930302061627,4360.983938071906,0.0
47.92839593996831,1729.7307405057009,0.4579773478190119,304.41254310682064,3690.4355732636427
54.367119797701704,2217.1653811653478,4.218891796559186,205.6099420166624,2845.7001503747106
54.69289400109955,2156.758455915152,3.575573221532605,4587.7869445262895,0.0
85.63496980494548,2351.3796451763264,0.3223587610311518,1159.2997750521838,2020.320206152722
30.230030499018326,1255.334359414666,3.3369374015604536,1033.2458003437278,3137.119271335182
40.413209414704454,2003.1351144234645,2.3072264949800427,3600.5491260653534,68.98156125510937
80.24127953352428,2355.445987031756,2.0062039821071154,548.3691335013146,2270.470692532473
35.21131707575609,1716.5482076479666,0.4562261778872989,3691.1671942623225,679.3825862076184
75.30251550479889,1659.3666290727665,0.08759458406024434,4527.586978964072,0.0
87.6996753102945,1302.6459464397647,4.0604651530788995,2475.3666535167695,781.0593843675808
68.0194465410944,2102.6372482692223,3.013082963754271,4362.288270387782,0.0
30.16628683830627,1309.8629956461534,2.1389145243810894,3817.336875048184,662.5745121082141
60.09983399716504,2155.872333350052,1.7902510151703672,3056.0728848533136,411.1615214813696
31.1322588239411,1122.595102668613,1.5369105296468715,1285.8687897517789,3269.357681791562
88.18361513327652,1156.9196162539772,1.752463141635554,1485.6280649484593,2260.8518931539743
41.26662100466173,1076.0694979175767,2.2712381134331183,268.703339622407,4045.155936089049
61.790150422039304,1766.6053146004751,4.498677461403905,3799.424086259105,0.0
41.939161528383295,2308.831800085133,2.6379320040587055,2375.062641057536,962.5346759157976
68.48714176279711,1788.664915259883,2.142186093299002,3190.108241327169,467.73889935421334
69.29707849859983,1355.3268861332037,3.9292893632074133,1983.3249244267477,1864.2413398053873
47.74831845023184,2069.6210563664126,3.5962857193595927,4577.619936722063,0.0
88.6522308902753,1426.935511783055,2.9714643022188545,2227.8044404582133,1081.645114617835
60.167906966485525,1063.0597685762486,1.0387604595820532,190.1077551426128,4123.253190168829
41.45385166515714,1242.4509619659361,4.9812809485254235,4910.56683714185,0.0
88.19842575699144,1829.006170972773,3.015019243027584,857.575533688405,2141.557151004949
35.649912373743504,2181.6497549952237,1.036901748171943,4332.767630702795,0.0
87.4307348110992,1812.1850321863335,0.7562454774413757,1813.6473618831978,1475.3971055378267
35.17419867906394,1287.9999391145016,1.8001174367295265,415.9192357752134,4009.172347030801
79.96308701412619,1140.6387643870326,4.673163211285182,2645.337489579059,667.9447843961091
61.601853806895406,2337.9929734212874,1.0082649549815166,3622.2340988792566,0.0
48.73856540784705,2456.534865916473,4.178746109524476,1004.424471430821,1937.2240952970992
54.02846865645519,1826.49325572038,0.0913251816756172,2037.292817080603,1899.6391133383854
73.35126693660683,1948.2687794583817,4.868447513450635,2466.386907551865,641.5718910424896
31.41226811521976,1418.1282571132638,0.9822677713185657,2116.878681912989,2227.307512114679
80.46733771812293,1451.28886955901,4.280980204740553,2810.2876944064888,505.86061128993043
73.23418318081886,1917.942964357584,1.9331431502451768,2343.066491683128,1006.2689179140864
37.9649449976773,1275.8982739412654,4.574306051419572,4514.494620359854,0.0
74.48454799913675,1863.0492423534643,2.1217347495932124,4808.850512358758,0.0
96.28917627218839,1786.479360820098,1.2637430231901465,3942.9742833506666,0.0
43.47203955068594,2362.9190916071275,4.162508471563142,1937.9440531095759,1301.6410949231283
93.32434214541433,2088.0350438159353,2.281595098072089,1488.0730219247034,1473.3114953399984
38.3347986717057,2178.883811986724,0.7188332217920407,2875.222056366798,865.2854913357569
35.90809738383718,1348.529937039395,3.1112101806222627,3751.6203413756853,350.6004304919386
58.90375211896925,1983.6523841426774,0.6815072433815467,3998.6769927185687,0.0
94.35636523827559,1547.3075947072298,4.981115244012082,3273.8794820383237,0.0
82.02122287565604,1359.6787474734972,1.7090460419037323,4598.683006456836,0.0
33.48512267065889,2155.1708815753336,1.6876244158245783,168.29535903991112,3545.1171387868085
72.69760592277939,1067.0313819025157,0.498316581372088,3993.692595050607,292.37524697154265
31.51054314778167,1947.2979531371843,2.504582788676861,3946.135031834755,109.81407591088697
84.98864789201926,1242.1131617924896,0.4657738812503792,4632.754084181001,0.0
42.48790978714267,1960.7566340696876,0.892799905795636,4325.285391735621,0.0
47.29510104430087,1513.652475722486,2.1758447770385896,554.1411343429847,3479.1471742929607
48.910280163904574,2231.488982958566,4.291318698133548,809.0779296000633,2232.1610368334455
52.56062952857886,2491.247033082511,1.5274587910113442,987.3516655281717,2368.243667236727
35.36791977859343,2061.3511922970556,3.3110333096339666,3756.6984349960826,0.0
39.4897423894445,1477.224597281448,2.907596788956121,3591.3576822952714,382.76504196903875
31.06139268086593,1188.0060823640874,2.0761641748726944,2501.1046797706153,2023.0537662295385
97.69011084913197,1382.3492503388245,4.5163685724070595,1083.3013016866062,1915.0561270406968
95.22860769192361,1035.51059383416,4.502895573791919,4218.045801638145,0.0
57.90657829265375,2021.3143430284206,2.901784736880945,1851.2531565748525,1580.4534794603878
72.06174577232608,1255.9411209130494,3.667300274779329,3865.8237145491435,0.0
92.71627968862967,1259.4251175505574,4.080035924850141,4345.141241857925,0.0
82.77496162261636,1383.961728090475,4.521396676350683,3955.5666558273138,0.0
48.14555117012404,1581.570861419362,0.7092074417619443,4291.951381832834,0.0
42.91312732869732,1936.6396299689486,3.4909148402979415,3816.451610823923,0.0
72.4579640180611,2115.7386410205895,0.3149417478109745,1609.1361072130828,1818.1183888459157
54.797927876435274,1558.4983522379957,0.5179297337528821,4919.266672472267,0.0
71.06438641253838,1901.3898659175165,1.0799623224663741,2125.7903549257717,1462.2384343008916
81.94392261822601,1116.0974894818546,2.5866119971410697,374.3655649927724,3377.36140359444
86.58061193105934,2264.0258107864274,0.8495350983271976,4472.004433796039,0.0
59.94617092973348,1357.6297987359337,1.3181742204407132,4759.3672978876175,0.0
85.87365821062794,1425.0836012946202,4.953588873174023,2967.636827035426,295.1175183724765
55.55808643195525,1634.909089748415,3.0088718134232066,2273.3225584201946,1223.166070408538
49.83734635729765,1635.2090824970082,2.2426286216634432,1075.0003343829683,2738.9109532084994
46.33882265149896,1400.0348641810772,2.570009204140204,2166.37396784898,1976.5587916481313
74.1412315435901,1003.3516913177663,4.607912023109797,1739.0301976169592,1754.1976846819712
47.241518331416614,1079.885552439715,2.0526262141344604,260.8913291372472,4067.4542082334788
87.35749970494312,1678.5329697661332,1.4519926449372806,28.723636340637903,3366.840324823704
84.92849295200001,1197.378461208664,0.08536517891667594,2855.8710866599354,1027.0324056300783
60.433275312051734,2282.5574307486254,0.9015290843945145,1812.1290279153857,1577.0003487803056
33.53152766951706,1185.6696452762044,0.8611599817683174,1179.929293516015,3503.2830231174166
54.294035404224196,2259.103369783907,2.5778092386818012,4247.548903593214,0.0
79.43043311220288,1280.9827917344405,4.578906366214975,3898.7290376377305,0.0
45.97576221010028,2453.5217506952986,1.8472449672577902,2275.209498741449,1146.6125307402451
97.38761549683765,1111.4862390054448,1.0075437574178787,24.294649852585337,3664.186385233597
91.40715277783616,1896.26194387552,0.9068451154426083,3671.378575729572,0.0
75.07871628522147,1882.332017997262,2.4726521017423853,744.4058885160426,2505.8067444164476
96.14818483052184,2276.4638101344763,0.9699281132979848,2269.2081348775855,646.818972674653
43.42165994253607,1624.945233714051,0.3228420906887186,3288.8951555199224,946.5694444577315
90.95762207341585,2028.5816881995866,0.28975471488960625,2055.079570004627,1051.9045489730838
49.031675336585955,1386.1027941219165,3.764101242227713,3123.128290368026,583.6959194820074
98.25580969525552,2063.7544103490864,1.0231353506328351,3615.6190169644965,0.0
55.02725939458082,1572.9440985353592,4.558081950521697,4197.025816214904,0.0
45.492411375771724,1955.0565153096804,2.4360379905788063,1468.65655357404,2356.8672866230563
91.56023090137205,1114.9359301272398,4.903211807906808,2638.5736789802013,455.97225429782463
60.94475653638232,1762.3455119410621,4.70370556601493,1426.5438339320262,1778.552044196268
74.43558194732131,2448.86109090271,3.6949972434698095,4320.6165542383815,0.0
66.56059404508721,2190.193736766706,4.424625598738136,4321.413020176771,0.0
52.39476091979591,1630.0102854317554,0.8629281607136652,3182.0528977468957,884.9129068412166
52.5225712486636,1067.994824934829,0.05003558283644571,4240.191335995826,358.0069861018088
31.342118990794276,2484.6051177654244,1.370257036024849,3019.8482420557643,463.62835066862687
82.979109339948,2254.9997969392707,3.9850489394946993,725.3241781848924,1866.84197513827
93.07284999385232,1494.1773148533903,0.5080611324914003,4578.842612742073,0.0
51.33531401400185,1180.2325188436023,1.702969303348616,1091.9683528392954,3329.6846376454055
77.76656807209828,1510.1408366065862,3.7421316826390716,3954.2797697128535,0.0
87.66652076011857,2303.1104530230514,4.8259161805263515,488.30320343555945,1790.0517885835652
40.614691342353765,1948.873563862204,1.4595204651195026,4501.6273095378165,0.0
46.892832143826595,1921.8908755286889,4.294060632061701,3750.089332642707,0.0
48.735358943613775,1885.0572154739389,3.9555525822789783,4005.652772467036,0.0
86.74351553527336,1563.9194367163277,2.103552620569951,994.5872333054562,2511.393892995658
57.18160376545048,1742.9591629980064,1.773770202963874,2104.593208109689,1582.1993433558898
93.15191659622207,2224.5759994558284,2.4474292837868328,1554.9922244053105,967.8382441180827
87.37902073235774,1129.5988784497108,1.2013405689189467,3296.7226459775516,619.4393153126706
98.08624032434551,1912.0518093816804,2.652142644829202,2970.8841921216094,0.0
93.85541216946697,2487.108538335753,4.37921225683456,991.1729352000542,1116.0755439140753
86.51363100963165,2434.8421218978847,2.464430231356998,3995.300548982471,0.0
62.37482956022696,1506.0295906455312,0.23844794833686178,4125.617475095435,0.0
65.60929954968645,1371.925432651957,4.697035661056553,2858.528106617904,616.7520337130082
46.20997947141744,1992.6134912108423,4.7175158057245765,4328.701245945589,0.0
63.93452110536829,1589.4652974868418,2.5850478125405427,2401.2713636684825,1243.4418640803315
74.99665701894133,1333.7778108014104,3.638785005311658,1445.669182977809,2051.857189662939
77.09870452780558,1483.3518027957364,4.313248293060087,4206.828068738857,0.0
34.55789571229802,1486.9219694612577,1.0741911649682163,1830.6681699384192,2385.08548482938
82.02970450090217,2155.204725531452,1.4814042684211008,991.4264847877946,2067.8256412273736
94.4820665496929,1041.619116015068,0.5250288879297926,4893.934246083907,0.0
35.675293759356,1284.3843161638792,0.832437864335337,2852.5637384042425,1713.9283789123494
36.91472737973686,1478.2168820555949,1.196419769803635,2325.6177021993176,2029.1917869996373
79.33127098562561,2211.08491709696,3.9737269766921006,2607.9897748372478,167.1473559486986
49.114150072190085,1763.0676539118738,3.647920078272593,1346.521200181116,2192.026535489579
65.75012723455231,2239.012589807039,3.9385668721288383,2420.5110985912297,332.587677323649
48.325020719667904,2274.5183067131347,1.9736075680144693,2433.8890236642046,1056.569192245398
56.73719894472903,2335.61773218098,0.8882209754091608,2367.55775145758,1026.6460636334161
92.90478964362629,1979.9316127195507,4.695303943872961,488.78410653322715,2159.9950891117933
37.55125016093508,1400.1041113492224,1.5979578813807194,348.8784967403269,3863.177663587151
97.83760928989871,2032.63031929112,0.8310634220678065,2342.6589339133657,735.0246315561285
79.30792527156254,2359.4283809727453,0.13292856071111803,1360.6997442091701,1707.2099831421303
96.61808752637663,1893.7141082187877,0.25862258087090806,4327.039501283919,0.0
85.3195174080461,1128.259332438468,0.556986323875508,14.214022434538286,4027.3206413058256
59.91016074519838,1903.2732172620817,3.328488600618546,3838.219856472132,0.0
55.18350020129344,2130.860334213189,4.354207886503939,2316.150700754317,576.4643545072021
31.666766577686577,1036.6070415120391,3.191485367090629,2228.399908073114,2221.384170642708
93.46244256416273,2391.748559848492,2.767465645405122,2490.653302960048,0.0
59.10495856101974,1120.2821267385089,3.5117387847622767,2725.440759651659,1178.914799706394
75.50289109655324,2163.879744611121,4.0146433143387315,3699.1015136220035,0.0
77.68289970082637,1147.1158479032956,1.392489581008225,2268.242989456468,1657.6852058046761
81.43744159638703,1060.9604141681266,2.8404838201549447,453.8335816247835,3286.24806581741
76.81251832437708,1242.4214019969152,0.046066890230918034,4601.442935627039,0.0
84.05791555531539,1224.651470951804,3.1346089521209226,419.7466985100118,3211.404070062071
47.208744711514015,1039.413535988139,2.9281302645347163,4851.94086579295,0.0
33.93218558935799,2369.634686168274,3.111276344693789,1002.9617109823124,2374.5118516939947
50.92128256832284,2461.13700873524,1.4357407418407642,1798.672793944665,1447.3949045458457
80.2439562501965,2094.7283780698735,1.476914472345599,802.4670702606468,2316.5879969757516
61.663336777949,1610.3266732855523,4.073863040591911,347.7468514796911,3010.8810541365974
56.73293481424817,2313.378998374069,3.5695793119897443,2495.1981276377824,613.3657666328096
77.6857745290117,1188.7791738492672,0.31936052935355785,3490.5953688641926,588.7431889189681
43.516644721019624,1935.2976194639682,1.1595495815374686,3274.2912867060577,608.5829923203413
47.42032529890663,2449.497862423368,4.417999611359443,2707.4561944461752,276.8092012830715
54.04388496855295,1837.3512153413733,3.1075799933406474,3386.6312596128546,222.12913055677564
85.86209834383445,1616.6336227942224,0.07146118418395853,3730.49457610785,0.0
39.15130259141186,2386.0596901723566,1.2800601718024822,1755.2696610757835,1621.2204888315337
50.020963455121986,1891.071248165245,4.012573202549414,4696.877813219851,0.0
39.966788352328734,1358.837641996683,4.318893026173464,4554.849003604412,0.0
32.86466339961872,1358.1523141189532,1.0788070965109675,1193.4078790570861,3267.1974967190677
75.21197089835381,2004.3654854795611,3.3487023097949202,38.6547045851976,3016.862384289679
52.32040261282188,1956.8638336679915,4.348097179195106,3703.1344334117953,0.0
90.34347371506706,1599.9377536839681,2.618259508868409,2213.8619687281353,1146.1966553061388
81.52554410781114,2242.47928920751,0.438773609468901,4803.009401897287,0.0
92.69041643014278,1570.9385067817398,2.285317292127853,3988.700588893032,0.0
53.50368353626982,1023.3531298590945,1.631695119477189,4016.715004682942,390.0458478343007
62.31955793724203,2495.8829128133416,1.6284527726296605,2488.8739883118815,420.9981990267421
57.266466125241294,1824.0185468873888,0.5977086078722565,878.9335024453277,2978.993964193938
93.13989163756364,1226.0933942573647,2.814032902655642,2906.7460994851335,487.3707158210709
81.78636400518926,1671.9485980513346,2.1348440048977553,2441.2794326933154,861.6844706326242
77.61514641568417,2148.1480317524547,4.611032197308259,3905.2417945203283,0.0
67.97712786904499,1741.551733767016,3.0390119341693396,2189.8229206978526,1087.4473032995284
59.73124704957836,1889.8664305072575,1.9056649021715373,970.1594933252877,2411.1914033275098
53.56339234794315,1467.9769634016525,3.9339068345368085,2075.848915503901,1706.9187792417997
34.392470312925724,1402.5318828863194,4.5985821460333565,2650.634918717013,1150.9025779719836
30.436071206409974,2082.522935013515,1.0701605039719153,747.8098271238725,3299.5001691855077
70.53347857651374,2369.0705546684026,2.446528923354127,4245.733566607626,0.0
50.68824632305903,1693.1610141874373,4.261989652033692,1378.9306973456323,2057.294476879519
51.255522951309715,1339.5805939844417,1.665167075642862,1346.0517411086942,2879.346406586997
95.4595293155216,2480.804683015498,3.385439990278283,2057.89436520607,546.6640061015039
59.099166683949875,2081.7204708858762,0.9390705134831684,4548.658491916903,0.0
97.50200537371077,1745.2195036708586,4.982433286967666,286.04567405929924,2314.2794533537894
79.3973385786731,2094.774346274372,0.47004493889819476,3597.113087195424,0.0
84.09862135381817,2300.575965734951,2.618445276695603,2852.169568504744,0.0
50.3298448658298,2318.191445155608,1.4860665321962407,4543.602055062711,0.0
90.42002559068649,1740.367684064775,3.842702763829145,1676.5373359674923,1272.557840874272
80.31578311325877,1147.8797467336203,1.3755847774047936,1079.3901185111781,2728.1282105640294
94.80909094775052,2156.461091047122,2.8218185554053044,4673.513090527829,0.0
81.87789324412486,1188.8671207508671,0.8343916843514687,1114.3924767346537,2740.7552691646697
48.06972594941274,2447.788615009233,0.027075337866013238,4120.845637921157,0.0
39.75063999130437,1740.8615178863708,4.541405779714224,3291.5661478777984,148.77088770522738
37.21459161115051,2133.124682406874,3.4459921918295806,4977.5165578507185,0.0
57.59803622844329,1952.262661143119,4.733708200542153,4961.904437741807,0.0
34.75575514178499,1265.8046424807978,3.2429717519315955,2224.01958718042,2042.8405287680846
61.56028609843197,2038.9226231988903,1.4138281869906084,3653.034869880007,0.0
87.0251215590494,2393.0984863259873,1.5397975161726691,4225.614340724901,0.0
98.41987646342257,1058.7115024132595,2.5161322041025658,3494.5150347168747,7.529774299498321
37.407163767302805,1953.9091633617977,4.3791857971405586,2983.8557619288135,502.91173199807264
35.51658366955873,1861.5193135283448,3.1060158747747666,4072.0239758775665,0.0
43.42971180318939,1706.195328971572,0.03196026288807996,4976.768828041957,0.0
81.54465615665374,1637.036349927554,3.3109131731994887,2715.541262964419,532.3909980180441
40.88403233670062,2400.5829839384855,0.9544970255999485,2167.150253653319,1520.45059963643
87.96323645891776,1884.4531009260293,1.3347681727379213,523.9151929740799,2517.8663110586813
46.44434161320159,2187.0783805859155,3.895517710021576,1429.3542248323026,1765.4781024130407
94.52566993767029,1586.2439129628615,1.632143703686972,4936.199245026398,0.0
40.21121865737778,2278.4687231681783,3.968271255417592,1207.5013460471696,1948.1747492292998
38.26694752065714,1093.8689373154941,3.603888663327306,3237.8942260091794,816.6948426654061
75.31160449029707,1483.4730377617884,4.201770086636004,3166.1089005462163,200.71742658042092
59.926428475287196,2461.1920247477638,1.7156829086610355,342.3202105993212,2932.472109877514
85.51532480692616,2323.8670275981904,1.4449282726831552,3196.8370843849057,0.0
72.81961020780179,1381.027989796916,0.1919912619598857,2901.9836624863915,1145.8024393546582
58.67087459906041,2066.409980648798,4.0497227898105175,1843.9018706425286,1361.7486343994376
32.13558367030297,2461.6118509711314,0.15163944024012888,964.0011549855886,2730.016568826977
93.87336691281737,2347.2155267557905,3.0733532353094923,1956.651038146295,639.5586613477025
99.22031193904158,1690.2532421182746,0.09389234642275923,889.0379825031713,2297.0672295886643
41.102940329585365,2311.4582077186706,2.183404834322938,563.0134965627536,2729.865935146616
68.89761408060417,1088.1835332070727,4.163736236697348,1214.4443851459414,2308.113156942335
93.02890100887416,1258.7547961563325,0.8055427219282435,3102.679657391622,663.1911577005728
62.68290686480037,1642.4150420854044,3.358615394580154,1310.5209225357585,2085.965693540138
82.88758344071847,1705.2416673199127,3.437194467463647,2532.603991371703,526.6666883552314
91.02482388156182,1324.2850501241314,4.070076876510732,4110.130669192979,0.0
49.453172577265825,1461.5939752209997,3.171046496431895,806.2040565360551,3036.9976144350608
50.87405642825662,1373.6789807575328,0.41459577554691984,286.7968453333525,4232.965512909329
51.38862548239777,1909.5685353809565,1.0657302203424996,1256.9701887907902,2431.3067432815365
93.57926743004057,2311.0886104286296,1.8666849418031402,2189.7650690400037,499.36907108574115
59.37046604688927,1092.9714495647406,2.0439154030658555,1651.1103644900088,2722.6889291813504
58.28389817319237,1392.7887476326212,1.4947973834486166,2851.2926673212573,1237.6270410880481
54.62877834349946,1190.0553421779045,2.5149925745790167,4350.699482206438,0.0
94.47196888440924,2067.320430205798,3.9556916688112445,181.16252138716592,2396.906737335155
32.783783246929396,1056.149926004871,1.5003067938821228,380.8123585800072,4275.091707266265
95.64006253268472,1341.0330670134244,0.30563646564276403,1490.6761909543882,1987.9679247104625
40.83011999361617,2274.128122874021,4.977659646717603,493.7160328632012,2567.603791450839
71.6576497360873,2016.6993538895304,0.8609883865711693,665.2783156668974,2617.4976056803885
43.699800226320455,2165.6679518789424,0.268323602179536,2998.5810889488503,794.4006138744136
62.82201168590806,2176.929213643688,4.286474592747115,3295.7905446353166,0.0
48.32727572649743,1317.2580935559927,3.7224187917387446,2458.218344453123,1386.046012640551
60.13497435919848,1849.2544496700998,3.656749310110383,1415.803291161037,1849.8960506122728
74.82331349445299,2378.2943975218714,1.0868173539409969,1925.8021284181182,1143.1812835872336
92.92709486791759,2112.275650777571,4.2195284937779745,475.99207504136655,2133.905634376542
69.98403065553478,1938.9702116268134,2.5208677671495567,2428.4357727122933,1031.4236812575634
72.40849281840163,1978.0369120708406,0.36247610232072514,1316.3111793245696,2237.428181670816
84.8433186169921,2436.1947975913736,2.0235129219148162,1896.1811225995734,830.5805785026405
34.84679640693247,1738.779258411064,3.196446788176805,234.14409856148066,3520.6278071311867
92.41282038932806,1724.4577431014359,4.517329119549462,2514.741958170672,289.14842116052773
79.78392003111205,2313.2306646711477,0.9075425334571796,2935.048823657913,212.49433422273552
54.210719174951805,1894.0311672256598,4.636391836506061,4519.453008444647,0.0
57.92412516445343,2349.4042563728735,2.9180692776053077,1962.7747689868363,1014.9792631439863
91.8828300579913,1277.4668066255238,1.711998577564093,2622.625856883277,992.6561021146862
80.88353160913047,1523.206700677412,2.089650592900361,4609.156145870633,0.0
85.55449538790185,1469.5867644059072,1.6365968561626558,4092.666711387472,0.0
73.37150271814525,2238.8671691713926,2.7726587775203675,3076.7246767758697,0.0
64.6824649427685,2063.512851005136,0.9461046246880112,2345.709838840788,1115.9867921218308
71.68901022556503,2302.925033652746,3.847633536081572,748.721885823187,1943.5187220269693
39.8242406869062,2479.0344989625646,1.4305072801035967,1831.7818477638775,1656.1748038452447
70.75609575810913,1021.5501407445378,2.5377688745675178,1075.4708537641027,2874.4266160019783
50.8778035811162,1775.2335517698248,0.6154588631718277,4070.5411603811704,0.0
38.04658979255465,2032.4220821615106,0.5666354794643463,3611.9604310941077,340.7672551692619
94.12367848606601,2149.074855287139,1.6289612778834357,72.37170167357753,2951.819925053893
49.506635362755716,2454.6985670016306,4.574667489710997,1081.8223687831612,1615.0950353194623
74.22503900601966,2174.4011575945387,0.9132322040581964,2103.374014903256,1079.925407506436
74.59489896897841,1599.1251576255236,4.967866406659053,1555.3750367799935,1661.2393247620444
31.956464533685228,1722.7102390617458,3.324548268203274,1172.991886361689,2687.0767922399586
30.72491296909605,1185.285086696668,1.8160079302787153,1149.2503089496843,3270.309700446094
84.37582263202438,1764.1052176574754,2.237987627742621,177.88595210935952,3025.9473575871293
38.91563713456183,1826.7580774634544,3.528225412245662,699.9744132454189,2811.354778722737
73.80234188713601,2233.91850282211,1.5307998061119283,1316.0206903601468,1782.372064251508
98.51689208957987,1171.8398884956332,0.14826999168049415,1575.6063765643096,2144.651861821091
92.90082011050615,2382.483124722915,3.259176207628982,730.6306040561716,1745.7217884843951
50.73767966930532,2398.422116496686,3.9756069802015226,3440.6869153063485,0.0
59.64654445773209,1900.1647298799044,3.18676589946953,4116.6142796274835,0.0
96.45969949775653,1274.3943103294255,2.0175140701712877,512.5517082480063,2952.070290886892
49.33962675651634,2014.783603187023,0.7674598147964767,1301.6649598859592,2615.5345940458465
67.1474232401034,1730.249670215172,1.9523691754615142,3951.2448453919114,0.0
93.42022292458417,1483.5134190182844,2.9821599071106517,1381.955037995658,1801.2346727703405
87.03080878023911,1546.1702818914157,4.7757658325188554,3266.5189020629073,0.0
57.21746579211999,2151.6565190842557,4.663922042625527,1747.0367325090203,1215.3882768202268
97.84930312488723,1293.6916003370497,0.9438464260763951,3411.5981224999687,92.93881849267203
89.92225055079135,1453.9092559648004,3.1339555089109963,3142.4997685173967,244.34139425425963
65.35635985334048,2027.5404116561756,3.825519675828094,1172.0507116403583,1996.354531151141
80.00551075997159,1618.4879119687303,3.678392036895212,2199.032989812698,1012.4106934044632
68.2135804025566,2240.8120919845037,2.548718845358488,3399.3329492827515,0.0
36.9742267765492,1700.0299922280292,2.8275891096039985,1762.5702388408642,2264.9644009423887
67.05643118222952,1558.890461857085,0.8916733649823372,2881.429233099578,984.7934272920895
81.50529625674484,1485.8743778805456,0.9741909833456552,2948.3089734879845,748.7078409399094
55.26568945280101,2025.85310120239,2.8323626922495277,3678.8432661695856,0.0
35.00072686620599,2385.553636167181,1.7095059640509191,3861.5083995491277,0.0
32.98624614916779,2499.1016678739843,1.901390176357161,3671.2965656473657,0.0
69.57601734550556,1274.9731520779458,3.9509420513344558,1403.3093696005294,2270.193490851161
31.135927104540457,2267.9889462183205,2.3788544780404925,4826.56427798135,0.0
98.52523898005086,1632.7611705815211,2.350954228612128,3667.162787362659,0.0
62.80000306315949,1330.6222355481389,3.17449431730675,3268.3975242893002,672.59438032853
65.97536442224319,1401.1376771918094,2.8725076868063586,1849.2229851558757,1930.3126834214945
78.76599128125216,2468.847400565661,0.9963710080675564,3847.5635855353657,0.0
60.82302870735616,1141.2208252446624,2.5515366814883906,2356.4011793455534,1612.704203038062
33.52067064456664,1447.4975130769253,3.129356694332764,4348.95837144798,0.0
91.79261292385907,1469.4623612820988,0.8049859424788092,3289.225694686339,253.673690889086
54.69886486578413,1993.4614050367238,1.8711632823082514,1540.2964694110021,2096.6263020003785
88.42145959141303,2177.0773610590677,3.728885837859063,4804.1556483133445,0.0
99.52843677056214,1332.0202017187353,4.1012471224414835,4342.523098183964,0.0
59.60691348073708,2053.564910836094,4.105606907238017,2443.0840908880105,530.1395885240337
35.905328016004574,1053.3885048961797,3.472785826456153,2517.1404836841466,1976.4268001355924
33.10117530623754,2267.9194235161212,2.680278287356604,1808.6990235995593,1812.089522899549
51.23111239340975,2406.330048277018,1.6244272884444388,4867.15365591929,0.0
62.10374512306416,1399.941711827192,3.4708236069889313,2391.1582067201634,1284.0202969548154
80.18782002691478,1206.5631250762606,0.39683604801119376,687.4494909693152,3389.946943028414
39.70742006112132,1364.1006933827423,0.26397021797973597,3033.159642153311,1465.2844130116093
82.47076291235349,1229.7482141315095,1.6731993415039914,3804.851216119755,102.55906408813999
83.82609025984297,2327.3533015376797,0.43788348800855914,1330.750933408363,1724.1346250645809
38.39188727689101,1657.6720476454725,3.444441776930722,3035.6485719992043,820.7525660307107
31.8453683622968,1236.555619068439,0.31148855772345274,1702.0428009919758,3162.3912252531027
42.69712692986453,1684.5788629233493,4.8559675085332135,3330.0291862414956,231.5026834394067
74.86977279739045,1190.3538454805944,4.495798738491499,3518.6414554552375,0.0
84.41888597909144,1583.0981745136755,0.019947672625871826,4594.099176781512,0.0
90.85185858387229,2149.0999532494316,0.7104945146771396,2064.8522849605356,1004.6694599259878
90.47346292858577,2077.59741759516,3.9732114521683872,1054.1463147186676,1430.7332824936034
98.52971610076055,1324.9262390103709,1.5741877227141092,977.0674785520645,2634.8559586111323
75.63765428553545,2244.3380208087938,4.991305707063561,3689.254099287845,0.0
62.659717346952036,1248.669620413276,0.06707582532374134,2394.8616911485165,1845.7778461828902
42.97600906212409,1538.1952785756293,0.20423743431458252,3011.022564600095,1349.4849764766382
67.2841165614314,1720.2069234700257,1.5105865684063802,2586.8561528428568,1136.3296574442493
44.897902613089684,1393.3536137380675,3.645233721497603,1591.0945295950212,2423.134095714113
95.6944068993033,1997.9390087868564,1.532193654697675,3957.9944465881285,0.0
94.63216310462002,1286.603604676278,4.234362687888192,284.5771075636788,2802.2632655051693
44.20868932717844,2387.406929387197,4.1447296758769445,1878.877433625602,1222.5024635635907
33.36702001305015,1967.9894863360132,2.2333749855468366,3543.3241084348306,253.07973890611402
60.71974356576155,1987.4891035666192,0.37256580989687926,1201.819632829504,2476.484926050002
97.47363020070352,1409.2173712057038,4.051824175824022,694.9536052678291,2178.2103644862405
73.0479555529021,1206.6059494948543,0.7944067542813937,516.9196376531248,3613.6009112827905
76.4668315210068,2258.551665612371,3.816230883512586,151.97567656923704,2528.4775603014964
51.755157683471545,1369.7305389147555,4.174001511230165,1455.6676865365819,2231.3693510716485
74.04949235351398,1751.7694098407692,0.5353800061170594,2852.392615942051,760.5425360210459
71.00290427427407,1466.10189200257,3.7953893749599303,1907.7556235284999,1668.6084000420426
82.73010659467388,1934.4011238089183,3.737767029614539,2485.958412372535,532.8345474043524
70.07825697926233,2389.2083815085716,1.1863802055287502,4744.8047104977195,0.0
91.0530014808227,1564.409140868439,3.5517781409379543,2824.9564038454932,299.6983232176081
47.88573589915612,2189.6812423049505,4.810556228883447,3955.5096687639357,0.0
66.15598444368544,2188.734584327325,4.626354252284661,1043.5885864002198,1652.7038769349645
77.72068053578886,1886.8981681555056,4.589535523760042,214.77128571970096,2715.5798866810637
84.27189402852301,1793.5597762555096,4.705728716430247,3288.013101608016,0.0
45.07321736414303,1768.8614023407608,3.1076162737163804,2969.532486505369,623.1187307882899
65.93528853787917,1325.6911147944115,4.417686807975735,4584.602946133494,0.0
42.70057927930389,1321.5237593935603,1.0928395278592822,570.1964389224695,3829.480888940128
92.79791740878943,1444.043174429069,0.7624432169157375,999.9084881317477,2527.3393942797384
40.62737968136081,1854.1339197765988,0.3042790859291039,2835.7338333049743,1516.7908370457872
83.17021060926649,1538.7623884879977,0.861047739049256,3521.462019706631,73.39367669098432
91.26549884189325,2289.1389752978153,4.656291838667637,4330.769432114562,0.0
35.426675187395375,1253.093212000553,0.22716182699440812,1784.651671029756,2629.0916492585816
43.45310541284229,2023.686809069905,4.505959695839911,2500.651082898279,970.127815488043
48.04969308538038,1592.9641353609104,1.9851281965442729,2451.286112392243,1219.4703293475827
90.00278630254147,2237.2368407139948,0.4786987044531438,481.955181692133,2583.9205198494183
36.24163912719426,1778.5658453190117,4.820493825267496,2374.6709017948697,1149.6359757628709
62.84427707887932,1379.1996280628705,3.8108147070075638,4171.427348155299,0.0
41.1454142137178,1847.3814709703565,3.2563754538783325,756.0136386519339,2846.2777849515755
64.29688981778551,1889.6652096615098,4.222591772614356,1843.0726481502763,1363.6076012883952
97.71551906315376,1513.0448608347747,0.9412901877588614,1164.4308626277966,2270.7530850308085
59.115682774817365,1366.034178179152,2.7716213087475774,3781.0882389349695,95.84795328376393
55.09269171512622,1443.1244503819112,4.089335547296291,4429.505385956555,0.0
52.1467520688565,2322.530205349846,3.894673033301011,1300.5292683416692,1689.048621230626
51.07623564605392,2376.75700698089,4.968260983402942,1349.6966678391125,1340.109019272221
54.525310586519005,1282.4121183908849,3.020863227397364,3468.479487683062,635.5255564300679
64.33226448011456,2071.1945854793094,0.6275781935630198,2826.057555106729,677.2156251731254
57.41992850875484,1293.9727073713916,3.982997701117404,2512.9393192098087,1269.1531606583676
99.76915455302753,1855.4554298643352,1.7109641753711484,280.68940196838975,2880.0796488678825
77.52002252923025,1379.5703369093646,1.783867129261204,4586.704633593521,0.0
82.59837866986322,2464.190965625975,0.47148548360698317,4566.088701030418,0.0
34.52389658196887,2017.4682334019726,1.780403706966135,3083.340625190748,810.8269925816315
75.05563654217109,1052.5394730742607,2.6346100364078917,4645.548793265044,0.0
63.810884078037965,1823.7751722254047,3.9500205613296764,4272.593551516296,0.0
77.66341620296396,2079.8982767496327,2.8305693907892335,4210.749035624092,0.0
32.62815852506309,1815.0346186760457,1.4367703495593986,4517.419164827378,0.0
46.89657683074469,1232.0400620578098,4.180507320771473,3623.665086857506,399.1438455748395
85.25150043506008,1451.6725925155733,1.2108951685786007,86.55839753302142,3628.5153408420397
72.38449710441674,1080.5384375125445,4.343134224209978,943.7220175375421,2673.610002471038
69.72881604685924,2021.3653425214102,3.2857607613934556,4427.878672987555,0.0
35.54259328412301,1938.9921321640632,2.4216122623740723,3384.856715135175,468.8214116483315
56.65160318682874,1273.0815257023426,1.5380055555152246,2228.576963175042,1946.4121046037292
60.21805761172636,1280.575241870339,4.996789937651746,2521.7601765120717,1232.6844053681061
82.31170604074809,1693.794537086834,0.0897775145286378,4597.814331256375,0.0
78.49398276282577,2093.753249430823,4.489448730147805,470.65921568064493,2449.032777809209
50.883831248083226,1491.274886487884,4.05283252049277,2583.2079362315744,1183.4181426181376
60.13458814970953,2108.769444041181,3.4620923411809628,4695.526804281091,0.0
89.63063009920721,2450.289622290547,3.6977671057742834,2257.2115516091794,189.26476757374962
72.30025874050702,1511.4922985034748,4.860228860613923,1661.4459314113533,1589.9466853293034
33.18635182773428,1672.401750824799,1.901321015200295,2725.8631791906587,1357.814114665784
35.29244255323367,2397.693804148667,1.0315568007252995,1400.6252207966497,2244.173677678781
80.46167747836697,1474.6864082460156,3.0546878793007988,737.9215069175771,2694.022401646041
50.75934367459753,1266.3678595688868,3.5790251552139116,1002.5132786534468,2980.2874657810603
77.85787458867841,2085.8075514458887,1.9347081011686063,1036.0407871818695,1978.5286026542321
45.511744503845435,1314.9958155672357,3.1798737344079075,3520.80923411445,572.4060388673483
53.09994886245833,1112.0458205780735,3.699059693861975,4959.589525754751,0.0
36.127676142986914,1307.3304894121743,4.480543962345646,3258.0863838183486,616.3905941402686
79.40552369081149,1910.550862580903,2.1817656186045804,4825.109672503925,0.0
72.43263883401664,1414.4439503373887,1.1847954338442157,1257.0338030130933,2435.9351216109894
70.5569114739352,2253.172904201617,1.8764819083170332,2751.7694472920916,308.994691347891
37.3859352113767,2417.756387456184,2.2069650175961106,4677.048296239874,0.0
88.9495013151485,1000.1296585097103,1.517983351777824,3769.2412998098516,261.9035025313486
64.18687245185683,1731.2882075713446,4.374681663078489,168.95139450684715,3057.401312666792
86.9444080709317,1189.8696732054323,4.858313052385659,2508.932052068469,855.0215342718176
77.76763133895466,1662.0275899103667,3.20576958082322,2458.2641572551465,763.6951668153447
82.81852849851316,1706.696596025649,2.4145692591028585,4008.8631524162033,0.0
99.5660283377182,1826.8133619373707,2.1662076461528326,3828.159547725762,0.0
78.95904074121276,1238.4170436774489,0.7072284985617433,2518.41943236502,1299.6190803635789
84.20708432659582,1029.0101931912736,1.1481883062300042,2560.762582100161,1445.7246726653625
95.4222028268583,1336.3396002037343,0.038900737891576775,3572.735813085432,246.16759550457667
84.66768396484039,2232.851663046838,3.2633344932912847,1566.2250125213172,1289.0428922960473
46.977264253236875,1685.3184365512088,0.20205569417894087,2534.069879928461,1701.9092544328732
65.38409338234737,1493.3897324979887,2.422678572370234,2312.1837260904017,1426.4706301926522
74.95304978656587,2008.8852355915844,1.9553769970358963,145.85149179454027,3063.3120351640036
38.43068640457104,1679.366860397676,0.8785859402200663,1275.319138218251,3058.8795721282736
97.3345636016161,2160.619183038598,3.789122418636941,1206.3319635434582,1244.7158675978023
61.30938829193354,2230.212696700929,1.1582001568058127,3029.1515155543907,226.7070835649485
41.39583097298283,1221.0521230549634,0.5247976845187252,3352.2934607770035,1206.170165736296
53.28842390921683,1029.234531227089,3.7029133775172003,4136.641883655168,149.39871688900254
58.716726157051184,1799.0686148151522,2.5914509216178887,3750.9223030087546,0.0
50.48072748633183,1734.3810375475855,2.6678058614300166,2018.6589618700357,1639.9169642511893
59.148960717687686,1036.785756950119,0.5012453278345164,1306.0160769645906,3080.27834768512
90.50557933371243,2371.625923747977,4.51276994231142,4770.07193248386,0.0
97.76344737348859,2064.687412964383,3.452292004372331,4392.343832198297,0.0
78.8125235062613,2201.4350158503557,0.6949505849132209,2414.0693933381303,1005.49082840697
76.38696219196918,1808.2300701902996,2.895509840688833,1959.5466329432077,1295.0855056115668
36.31763419382782,1393.0613368883721,0.677596011292444,1280.9624176643235,3167.078495410814
60.07694625001518,1426.8092925120363,3.524576345381403,1902.5483131999893,1636.5406222910992
94.49127963165022,1500.4270214538972,2.525450363441764,1610.8823873041888,1575.498521215129
64.3301122782874,1571.9367202478627,2.12107979064789,840.1285824905358,2946.1899032431834
93.34037649525739,1289.7102866625514,2.7348550241764236,2975.7024062657774,609.3242417679884
84.74371310506953,1799.2535559111805,1.7614706313652029,3120.133464329056,167.38077617633238
91.95536084090733,2053.6850901781368,1.2948149829300182,2297.5016836256077,794.9314739369548
71.75328548758463,1456.343912737545,1.7664339997184841,974.9326990599394,2809.9252984319332
93.73141473215998,1515.4737073697797,3.438461352831821,3414.7246487849525,0.0
30.97389876705205,1047.3993559125197,4.090534797491306,1556.454475355814,2634.4635131775976
70.77926936354166,1945.3096677666385,1.3593514313203485,2904.7776391847196,725.8789720173761
91.88344092765956,1314.8735807944945,3.6448443914366155,480.82886341423824,2904.0054022569166
68.40050071697574,1916.4913751767608,0.2861157302360229,2096.5841309894768,1401.519586979846
41.955102997482406,1183.7928927982564,1.1208288148345569,99.45985634384813,4371.875108751906
67.78940224968912,1989.7096497717864,3.86447247323,33.39019964885559,3037.9992093418855
64.77564334093915,1624.4077587733696,4.358134539474529,2267.033839181243,1078.757540900545
66.83688428722594,1792.8166898645932,3.5194220922670967,3392.494027905082,57.11343785824471
75.02835246319248,1282.0977264433145,1.9650933512343605,2234.2687735070194,1625.9977812931559
52.54136602845033,1319.2097119145017,0.3950241459886811,4485.138112333687,0.0
78.81798881090458,2173.4177968254526,1.3702100515081201,458.9908432021722,2635.008382640409
91.6756119193436,2387.820671982304,4.498894519558203,2957.5136410992973,0.0
79.02642969149593,1273.586579385676,2.913523931097017,1989.2017066228202,1554.8568316907304
80.61302787988308,1097.9670927330938,1.011814002221817,909.4006639314567,3102.936028074984
49.10725775098186,1388.2265419678604,2.7532673656861197,665.6035535064265,3180.387959063179
86.98037973044322,1358.9493934146965,2.3505732199509115,2414.1738622604303,1174.135446267425
70.22556528928371,1072.7529962918097,3.3765651633904707,772.7942014531236,3093.1054448061245
82.52011806985749,2273.1398202042274,3.936611604147715,1444.8816132541453,1053.662305110012
77.32883781104647,2079.41439190433,3.31147958671423,19.223197600165555,2805.738649919237
30.63471157513677,1948.8473926177685,3.3834749462329716,1773.948816583103,1803.181968313381
96.60541721572953,2013.5286118034214,2.8168000194788134,576.5734758755198,2118.303189004224
39.72193616196532,2177.8966144186084,3.4571553279962455,1413.2413715965442,1834.9263324936453
67.35095765633721,2140.390325621435,0.5447823473142566,3207.5169052479423,136.48956852486901
87.08648305238026,2269.741613959769,4.841167520138512,2832.3366115364006,0.0
76.79072745062349,1323.8725535285744,4.027246156129029,814.0527865084434,2710.536196638977
98.68901949158764,2003.9954167575856,0.9645277718885148,88.58514831028342,2960.2707326458194
64.1579531009563,1615.2458474185278,2.1923559709543827,284.69405944598293,3436.752519249966
43.19038790275482,1525.340461055002,4.225206074580519,193.49705844685704,3581.7742871993123
49.5716970778707,2181.177895348679,2.0863772872093946,4002.0384738857747,0.0
72.27497229483771,1377.1083484254393,4.460048362264274,1095.8923269352006,2275.6813943810557
81.38043874161438,1655.4244084293975,1.6301149286888428,3214.6442056488554,225.06569524418637
42.50466150641421,1929.534862552338,2.928464194453773,2702.793839486341,851.5593372073357
47.662139030867365,1875.3947096381503,0.9966055697109721,3166.551071988593,741.6587171291291
58.87264617122119,1156.0236212091402,1.4226881357272152,208.54690234440199,4022.013728112475
82.49158717938371,1367.6673459051362,3.304994167262423,254.5946649641645,3280.5656029522197
44.58536894276499,1714.5538086312004,4.7057110983120864,1967.0796272307223,1545.1349246203283
62.423574041031294,1835.5305914371138,4.498262836954313,4646.760120915153,0.0
40.33002368055894,1750.6740269057077,1.0056939921950496,30.865881217310708,4108.139493301174
35.517527711909395,1512.160982935532,0.7863618704418657,2866.3920158923383,1608.8920225586298
87.27041874301506,1306.3001415084739,3.459979577448902,3041.621248472743,186.74266532550288
37.43206846004802,1948.4977586410093,4.554851656750633,2153.13259080328,1511.743162303225
76.3248358861786,2189.8176422966344,1.961194662126991,141.36055649363766,2859.8856431069958
99.65539865634359,1760.927250773225,3.459208612887875,197.31589192560017,2522.6299603920165
54.78970541525639,1941.1613075308576,0.7785318908045202,251.7490616077034,3278.1290017726533
91.05645628965445,2405.3568486045788,0.46971498149681046,4347.15865909781,0.0
61.34058463101154,2203.21552594371,4.635163885145326,1739.7358235862941,1121.8736209944398
38.56913773678064,2291.5191165608558,2.4846514792907954,2238.8175508508016,1221.7279175285196
59.90921992648471,2234.106779045194,3.229451253031263,1841.1026738955366,1162.241997367528
71.5310381152518,1692.0705492658835,3.2683250582817247,1983.9211785839107,1304.4353377656225
93.58473518925689,2411.2348273957678,4.0682759844650445,314.04400823200785,2102.2876110814886
37.632454943997566,2459.7965158447823,1.1947120925861787,4910.420799738279,0.0
59.4381866975433,1023.0616222675493,2.5109083042933102,4080.6167926252797,223.90229548793613
64.44295114081156,1121.531197563346,1.7469178572613953,3165.6617528930383,791.3336346880873
55.09072292105218,1143.891756555377,2.2149874065093,1871.1498171617259,2346.633775627284
42.08665435957404,1618.6440445131989,1.792680742872002,3806.0878663320345,115.27909194288623
98.65308402777508,1579.7213239039484,1.4953220106816505,3159.0289876512275,44.56894037431297
86.2218151324503,1953.4436042660768,1.183595050673389,3796.5134912996537,0.0
82.95145635839017,1038.146810851589,0.8283699539952943,2261.1460387021093,1871.033731724312
36.782783490758625,1126.5702743808351,2.9724660260311975,1434.6871654838262,2899.6214308914105
54.88372901637568,1361.5637749265018,3.7523307068457443,1057.4812089121472,2625.941625578482
53.53345608765338,1793.732635592773,2.311609119708,1825.5429640129632,1796.3175640149684
77.36404771045824,1887.7128916722963,4.670204943429604,3681.9752875069767,0.0
51.48443006086251,1881.4307420065802,0.4517411897585799,128.6721089100512,3757.9387357386286
47.72936262222055,2082.6340474293984,3.6970904579603308,3021.3459724361023,341.64789099706115
42.77909471812461,1516.8463751577074,0.9296263470142874,565.6665637821973,3859.6861038705683
62.32967520447196,1272.0041342225247,2.7940668414089416,2045.1618780739207,1951.3668235358828
71.4813645296603,1983.186211760193,4.367905289275228,2124.19581152701,884.0599404493864
43.2007351122256,1294.372722475556,0.5486575215616846,2394.752517820489,2132.547742875103
76.13131485515564,2148.647660408864,2.4911932598800437,2367.6658663111293,667.6143549396272
64.563984990888,1412.2163370274277,4.146354906902612,3441.2212280714293,132.74503364337318
89.81605824865906,1423.4154560090526,4.410620649909954,3386.6938497218434,0.0
67.15814905780353,1347.694875622754,0.8290356732239673,2674.863281348854,1304.005515161817
76.42646723019999,2421.6326432277547,4.218818778139045,4270.533202080136,0.0
80.7407695718583,1911.597299782266,0.8204770668240524,2428.91393582767,1101.76053159149
63.863560547131755,1743.8745704296932,3.6321975757145637,3939.00373982978,0.0
83.52118457342195,1152.169824721389,3.030483941615728,1432.5874095230245,2249.428796765875
74.49390502679887,1452.5743641525744,3.9429284018210597,3164.625006607364,244.42680533336085
90.520942371427,1274.2742653033602,0.4667791870120258,409.4805667908541,3342.817050783001
93.93886646094916,2138.1987643882912,3.52164275416524,3204.968460668941,0.0
83.72445258590128,1644.658164015476,1.8372889885497778,1609.9195506472074,1758.163390285205
66.8562378937689,1404.2071777068693,0.8818633785514679,2669.176517184302,1289.1373701939133
62.998517573500486,1998.3854625475255,4.760373357480251,1553.6473113189625,1270.6100302835166
31.524687470363265,1950.9555135450664,2.94876968420469,2582.406134167538,1356.4302089278633
49.841436123932176,1304.1514685606548,2.8037973607601643,4051.962326655862,0.0
81.23625821754345,1344.3581039638184,0.2874561535605258,2613.0595431280117,1311.7378670427734
68.3189632762552,1644.1289632812334,4.018605089679649,3331.7153573726887,57.98510059644468
81.26794891399334,1856.5693422783115,1.061223253902538,1053.00835401743,2492.308736427245
92.9434379607118,1610.2054083729736,3.400681393508961,4131.267562839531,0.0
30.190462604021185,1833.3036830884416,3.364953431570718,3178.7448294413325,795.5874505057081
38.64021043668454,1674.6547308087454,4.745076882110965,1553.0943203851027,2262.668677302134
53.42648518291915,2499.16734068431,1.453994913297777,595.6625433913954,2682.457511573202
41.32522479605973,2170.576808214818,2.4396142332461057,4235.475392704735,0.0
49.90348056728979,1048.972854086954,3.800218806751236,3193.3856451350284,788.8247987286668
95.4907329850682,2262.19005523235,3.3854201757395437,1922.185715591463,578.6983457832101
83.9631736068261,2423.3897357272313,0.6953037017700181,4003.2800345575565,0.0
33.00289599999632,1941.6315153500736,2.3576896136667527,1271.7700611284215,2545.458868947016
69.742328187288,1712.4983010486003,3.4462186618991346,1832.442486807936,1271.967178110557
48.84544557899359,2305.8700280704734,1.1699794291519545,3259.6344874342935,205.2787988202715
54.573634344021116,1762.6996386094584,4.737303958235872,1711.3165816852454,1577.11529709214
37.15244374669528,1977.1433416731168,2.2100922740719406,4660.963223738862,0.0
51.745485461812976,1645.8885106380471,3.6042125401992586,4337.65069427647,0.0
76.96324588369026,1823.1481516581725,0.8107962841769961,1572.3023313797173,1902.852865035115
63.53875409198538,2413.6415023252985,3.132172431552443,2069.9406492488115,784.4887996267312
32.582590622682616,2388.9822989098902,0.918457013646653,4509.740036751797,0.0
77.29563487479254,1372.1230940415003,3.411145978287222,3469.4063161970516,4.0364124025740775
67.17605517292085,2380.7126668140672,3.808517417121551,1909.9210377454767,921.8823162251657
94.7814265815866,2063.3647372822015,3.5120932202971185,706.5872878304058,1919.5363029334037
82.86703729801715,2345.691816091765,4.742149128960432,3805.792884704766,0.0
51.836597929834895,1426.032979709589,2.598727094712063,2715.95178947553,1028.083596473166
40.72409589884402,2356.3355221183992,1.358041961696873,171.36308935116418,3225.7002081484984
39.964942384653675,2345.3001006490044,3.3891430243708487,261.71380592445115,2997.334403315642
97.22804062129977,1948.4282637888023,3.265757621810959,2438.322904524075,332.85607695603284
98.50855734358913,1298.6537221686472,4.667220905398931,3173.0724343310744,0.0
43.641201505041735,2114.250318778611,4.739593361881907,346.8112897982839,3020.039859556715
71.55889258023839,1185.4748649946434,0.8938948695749899,3474.6332099558117,672.9002942580072
45.84729755251297,2260.3608934579233,3.702137884286352,3520.962606415765,0.0
52.604449221139575,1089.4631510988593,0.05481597284701045,4313.406504386185,160.61079983684107
69.33823011321132,2297.6588658234305,2.9963842451534117,3401.020669763889,0.0
87.84104995491879,1072.2144251532266,1.8097325254562013,3894.7418626045105,0.0
54.789497545797545,1321.056544422933,0.25192144110899206,660.8674189782798,3549.0554971942033
82.72977834165721,1706.3781563101888,2.1455718895196156,1714.0523193896324,1389.573248037966
53.64555517958729,1948.765991005062,2.839329979994295,949.4458724840904,2766.672857958098
42.80872037538207,1870.4075645438747,0.6229480657785835,1885.245793876213,2234.8448300674168
60.12698345366695,1889.7002679498432,1.8894273842802707,3546.3116840701796,11.186118173535945
50.7506760527085,1999.5296115900521,3.018083617215817,3977.5142223155954,0.0
65.72987304669192,1549.2541133715652,0.3562013307042883,1679.0501697136922,2251.423830120143
54.32482661451739,1101.6267174109519,1.4202898466512166,4737.621682457714,0.0
79.12732759425162,1823.793870743612,4.43797681958568,4774.834108376731,0.0
40.568874360961615,2035.0445666830365,0.08241071376475562,4877.835883480011,0.0
66.78762387244842,1446.34622006502,2.4916560850905594,2014.2502563646515,1738.1816169909594
64.75683335445284,2177.5603456180324,4.389120428807148,3739.416720278219,0.0
68.23477929903254,1701.442933034518,3.60833514557902,634.8920470967485,2710.537276158066
67.8086173640467,1500.1075045535579,4.134503894812198,1779.177891935853,1771.2471377070344
53.32739160610145,2090.4460882576177,4.309609551624499,2398.899213111827,660.519719478956
44.30425294401456,2282.990808481192,4.813943752147712,2432.8894434214985,509.15681620241367
42.44413578693583,1433.4236684801463,0.11370984497987402,851.9631045457654,3532.9930560402854
67.95058042175363,1647.2739989468064,4.411212111354627,806.3957184208015,2569.937423580235
39.33539927532867,1504.8649512378988,2.618740109192876,1472.247626259024,2593.966158707855
46.07827224962872,2067.341681403581,3.5383446502140306,3205.485513661583,49.43297252456934
69.2610051045261,1665.25690972671,0.7084761911297155,1277.9731098302943,2433.8878494112737
99.5244208543112,1804.45430344027,2.998120251448972,2429.8396516532207,597.3175952516712
53.81373826190503,2020.7236981072606,4.110068292368889,1120.967150020988,2169.993708244462
31.842075928510475,2033.7399983877933,3.541617893064939,1234.8652736845756,2295.6798813286186
65.82158159088746,1942.556084709519,4.181166262474245,2589.408844252543,488.9378682829202
41.54807020238145,1690.9425010370824,0.22526402819183222,282.36637979696775,4005.6124830594117
76.85574147612454,1296.670195021841,2.7428985945178406,2752.2444944109498,977.6339525188779
69.49340505486927,1533.892857022135,1.1089307835185502,2601.7387743989802,1227.4724503744892
63.6787877340758,1302.5104388241693,4.651371313789226,726.9332411496093,2814.832823258763
65.3505001201332,1279.0728150365762,0.7706936958423832,3518.5735829039872,654.4741300106806
86.50139369190347,1665.8078171250984,2.269849087037024,2670.234109972689,668.997349454509
91.91919188916006,2380.6088052238833,1.022159664618053,2941.446004917464,0.0
55.95742934290179,1228.252575213185,3.275888844494607,4976.237343453005,0.0
85.17902421365878,1682.0962401163574,0.7856377668210429,1261.3195822433438,2322.4057385929123
66.14007379851532,1155.5467979291086,3.7428311497239775,1726.060250249013,1944.3794438745888
53.36901679402045,1131.8557617641231,4.279409092211717,3824.767732509865,0.0
53.833112412071706,1567.335388677264,1.7065913648148268,2119.602168730003,1982.5246971794522
50.8728554957404,1968.695515851758,4.259236717956369,4293.609870511763,0.0
79.71017624162933,1110.0438881126468,2.835602515346421,3423.7540303225715,239.1860073234979
94.42183102327769,1287.7997487358937,3.2290101538318625,1379.1186863598143,1917.6023854355146
67.6104844360219,1679.5441039480593,0.4865105961210908,2605.506974188869,1207.070238327751
76.64568334857537,1147.4119345794627,3.7401073300137764,64.71794123371843,3385.2298805296314
59.56209823758007,2461.0633555144327,4.510932999451754,3462.715600085308,0.0
71.38046056506707,2195.721857750945,0.666376735338926,4347.366640100501,0.0
48.302699708128095,1183.5720797683305,4.6833528421907245,1323.218974257983,2632.5085122828905
52.73122255347677,1661.6423569001695,4.527950995810875,1200.4084113954616,2183.879123416357
35.03409383034744,2157.9165208569566,0.563794408417167,3326.6425191140806,593.0794131904436
44.05177714257971,2346.443007053901,2.29689313406796,2109.71935119119,1132.5453977333498
55.15594819644043,1938.6681896459977,1.583296409309134,3502.009306122166,101.83459603148438
48.26816728051477,1680.4205492527967,0.4047328021537011,1352.5892432059206,2687.914952533591
34.204396199200914,2416.4641992852194,3.8163752180902177,1925.8210455565766,1296.7545003783287
41.92421023961755,1462.0139179566236,1.1034090043647282,1234.900681487019,2924.270175909678
87.74044297375394,1026.7869002701052,0.13790983649420108,1051.0754892929453,3108.297132793717
67.03836858876994,1743.2795790822752,0.825598074823965,4420.034316661313,0.0
54.04473891013062,1858.3474512605626,0.856965216193597,4505.993719559608,0.0
72.10660565879004,1125.9909840136897,0.5725654367476041,356.0416245137021,3871.9516164949846
55.02694828227699,1178.5754119248404,3.170081368840543,3211.210850119183,878.6307155851093
85.88005086126302,1728.4769955847314,1.1829954871756443,4537.225203074324,0.0
68.67386082989026,1013.01044889721,3.7109445917518236,108.16785788712701,3655.2710896606936
62.158236117374926,1002.0526656784032,0.38447161291571497,3286.909317144953,1377.2902006936647
95.2353169923353,1250.8407727329725,1.9782520299162871,3505.217807278747,57.63555376398501
47.052902982826474,2082.1472293057664,4.189447371204988,4724.482163433309,0.0
75.36252095189619,2026.6043025094548,3.737142148180426,4388.852266292998,0.0
46.59194819312657,1628.8952679733518,4.249401612617736,2467.7252997996948,1261.0586134995337
87.93304943730139,1195.6890984587358,2.13484614284813,1748.9764695982856,1973.5607279584597
93.17127419598043,1216.0409058714731,0.3471621207625064,2252.3179865521274,1529.4203200727939
33.58861046789649,2223.732107154726,2.819366325449028,4062.1845725094386,0.0
45.503702313030054,2474.867084702327,4.280115163428988,4321.804400551842,0.0
83.94887524372899,2058.1369475563806,3.5538759580748245,1781.0921618045356,1201.489749097333
91.84048565217472,1221.4800463293418,1.3954180451431164,1137.6985916993997,2594.604513071745
78.64892435633313,1972.3863994173653,1.9548097114111285,634.7829424870089,2562.677685185864
94.39441892510975,1677.5590129222414,1.0069884581089816,16.434314615760282,3277.1241517226485
69.6394867731384,1649.5616175190978,2.722560738542277,1800.5319111452045,1593.2190890537574
41.29130227710299,2353.974751437163,1.4631903729719782,2464.930288602721,942.9549384317988
71.00166181443944,1144.0868654290964,1.1821488624727439,3004.2195120685424,1234.778426928447
42.510535202335774,1859.9012070924189,3.179080599714959,3501.647343905013,256.4070858827315
59.52013696519476,1196.2524994593794,4.7404564002938985,991.561144924083,2646.393073607833
77.79007176230296,1528.7064596498492,0.9361125169722712,148.23287018209453,3561.6234950141425
39.45155198717989,1344.9996647622154,1.7968210308336103,2015.4287762213164,2224.641616487132
73.45844667634691,1260.80811408805,1.131310654169058,1504.7802976055714,2659.689720927543
68.15883552728533,1803.5503316841823,0.44379017981706514,3124.1677595936358,403.47710559184407
39.65794212564771,2163.4455184909702,0.37741382358689457,2750.7153096234856,1047.1423647612125
34.44064823555395,1947.381345857027,3.520245379990638,4409.455112884119,0.0
70.19665024118655,1718.7334572523682,4.95065339686274,3172.6732859587823,0.0
96.81667606186164,1229.0339841354048,3.6886480353349067,30.939509918478937,3101.4879209124224
35.40700152244282,1452.6611515940622,2.688795389985076,98.80386867698599,4086.0526588295916
37.51729811503845,2220.0645166035856,2.545248482439875,2806.345059665366,693.51043741489
88.3090948632916,2327.025449910273,1.1747103416485034,2760.6094230789913,85.36072250205342
86.74834936482964,1776.0467083691096,3.6333686411595254,1101.674709936335,1843.3262897145944
31.906716926844126,1526.1322912276014,4.934794586126526,3957.701380653182,0.0
65.67351464330085,1619.667267379598,3.878277946681861,2829.604531882242,530.7683398195796
81.8082727824216,1259.9759643452405,0.8438958358400284,80.18507872732062,3924.2342000530425
55.1671936421035,2161.364123660169,3.43325794637863,4797.06961032246,0.0
50.69421984899242,2108.6395585406126,3.7081340893479178,4412.65111668358,0.0
64.29185572388083,1615.1010994811681,0.7647421992355691,3224.158576578955,716.5703447572998
88.4965086480947,1518.125688593789,1.964111747637363,3142.141221505394,175.22331150257378
89.07593927398173,1677.8768839559743,2.6679526291694384,2570.0613311077436,692.9305253335738
90.68898983075901,1419.6509177807775,0.6326012996427666,1904.9574653810841,1700.323924599394
54.69453201818389,1013.4926230103264,1.7654602093907474,3765.976726600231,465.73613508304675
30.53268960281107,1081.9392148419586,1.4011352853794867,3244.1338251883562,1478.314396526971
52.72314126616544,1608.0162618211093,2.9732335976376802,3845.7764215950447,15.169020660803369
43.42073410357867,2295.006010156498,0.523017313219955,100.22632382532038,3467.1856311886886
68.19058730981985,2245.3700670538574,1.5176415802920518,3937.21343614448,0.0
97.23233952591411,1063.312220612554,2.3133192010228782,832.8647320756055,2632.0993251314694
69.32622029268114,1509.9669575158282,1.624356788116999,624.7417588221166,3209.5273562712227
57.74306217501436,1744.9330899886886,2.621737999711531,382.50789140834075,3267.1443213558623
93.26300070427891,2348.0347644556623,2.660089301791251,1854.8132974929072,672.1522667933859
68.71719223779846,1024.6624304724605,0.5279284619925523,3888.752645061239,339.53356163186555
86.80233245258336,1194.743021878487,1.1378174946745205,2080.639658021956,1716.1370425031062
78.21580333404424,1783.4504739751046,1.1470062818632598,4029.788874391006,0.0
78.131843447731,1327.3847883181727,4.487642606494623,2956.5771956997824,531.2397022729313
41.85498668343309,1605.297031664133,2.1046138730599955,4647.1905357204205,0.0
79.32104877073203,1255.7332962931464,4.2569184404355145,3383.810768464163,0.0
41.07065977740236,2482.7278287553218,4.037934580656296,1647.6017635108087,1269.1415777131197
92.02340340241884,1022.354605709954,3.276136197623714,215.6402115464573,3306.7428417084934
52.6650932222728,1110.5525197065404,1.0400617686763103,1365.7142310703691,2954.2398909416675
43.25817313757657,2463.1304962813706,2.252086225724368,2018.1281921505044,1350.2292297905024
63.907024063658596,2160.9497184121956,4.65661708493003,3950.4355804909123,0.0
78.95374202607996,1082.3409181561353,2.469488462630449,1040.2230335669753,2818.588161384199
57.62884553996578,1987.0865023396832,4.634726756367135,4804.870383611622,0.0
64.82702140289,1643.3388954995407,1.1808245029372593,2245.6094217693617,1651.8149643841086
33.47656376087042,1829.6020559811939,3.260346189921778,1506.1125108180768,2482.2703363611713
80.36086581973966,2241.4520385439655,1.669867903175053,2613.7244566157638,317.71411993026237
75.59026157839334,1448.260824924294,2.223370443363984,4727.648343939272,0.0
67.6796696545676,1087.4161036661872,0.5376212125968566,4269.139377879572,0.0
63.54103770336341,2166.8086359909853,1.839005142962837,62.810571294654174,3200.180795300639
30.889057092097495,2279.7149274592603,2.044681630647909,4056.1966100145232,0.0
44.390241583096795,1508.4715300920934,1.882517760595911,1460.0673779732526,2725.0368449473904
39.99827059834054,1419.5484246240464,3.484325383101916,2913.985199575049,1143.9264792740544
58.5213424442631,1483.3467798251147,3.0057569705769067,4588.472890571226,0.0
81.89774469262487,1062.1419800966664,3.5313742279162645,887.0894320804268,2792.863080139878
49.41129849659004,2007.0840588813576,4.563196659172551,3831.0775445280924,0.0
97.55543621001044,1825.5728734002168,1.4264754380511713,2129.2240421384477,938.5328670576788
88.36466190908578,2059.688054161119,4.271322641941372,1744.9717747770671,774.9773673586024
40.751288175547245,1053.609729856989,4.638457228066061,1552.1622003984187,2676.261484649949
64.4215419059346,1519.7607042187412,4.833635464984279,3466.306858844572,0.0
89.8459678080684,1185.2170881233799,4.440265004475501,3020.6655057698285,164.44577632573288
92.58544745267656,1092.9728718121194,1.6449224174334791,2467.755472406789,1550.6691440179263
36.55700915830215,1628.93022652529,0.5867971924483628,4273.687421676125,127.20140414161212
49.94571783464252,2005.1214473563255,3.2921367069730936,2763.1996719201475,568.5807172461655
99.57505348371879,2146.4864050058864,1.496515573016035,3046.7735860682656,0.0
77.47087672439318,2210.8757660849815,3.566800694550154,3447.363548036305,0.0
36.85242114236661,1515.9337883788494,2.9754458721583674,3330.045688090991,776.6462946729346
34.77235502328838,1145.5185717391678,2.6433273153836105,1453.5441600329868,3009.6815226170625
46.71489580346615,2349.73936510793,1.325850286734801,4698.103261305999,0.0
40.90474621599398,2355.8639315845267,4.454289008077101,2974.921419880129,0.0
95.29172247097101,2192.9132411440332,0.038238541865648346,4895.559003012375,0.0
60.09926908823892,1330.985868912185,0.537275608035096,897.9222494921186,3309.3560878583326
91.16922446345609,1651.612248999877,4.2512971727097995,4959.819583393243,0.0
89.06412950997517,2152.9260971271333,4.812033877716997,2405.9877162370863,0.0
39.51059717302485,1927.7352940110777,3.846796679333978,1533.0748139198818,1976.9092082603693
99.48575762396098,2196.0533878296965,2.971025632923534,1179.9057956341042,1276.289469883741
82.41010881453661,2471.1756143649154,2.183966405076599,3161.063911006172,0.0
91.34689168819719,1652.5627385526932,0.3393774429975377,404.0178248915327,2979.8128171413623
77.86770335333642,1906.5520357770022,3.561410306248469,1050.719799039971,1856.0684699027893
36.656667428115995,1995.9043006527975,0.5182060021395202,4831.808777283769,0.0
75.58799884986303,1867.5609497789508,4.126708694022899,186.15116436065892,2869.786093618305
57.42459819307166,1140.378802689975,4.290419181973216,4640.547509013172,0.0
64.26787018722092,1122.204918504656,3.765532745310796,4652.7533072459755,0.0
57.75782207799091,1972.261441971126,2.2793863622148725,3250.9248263000313,114.96234172352041
47.43336199783102,1677.073464607891,3.80145094185421,354.1613123893761,3192.1886299186767
68.49333298213276,2023.7224105769633,0.9055817812293127,2214.497619819389,1347.4692627914985
59.79095145565107,1106.3078622076957,0.41434938936208143,1807.0289634467701,2620.742480377195
88.58334623247202,2445.0758998948413,1.0329435338217636,4439.218293761023,0.0
71.79528459577732,2365.683532580167,2.2652731548194414,4609.050226839691,0.0
65.53155725536939,2354.8737657962515,3.370941972006193,760.3449869867485,2149.7237449952845
48.882385343261156,1426.483527271483,3.054842611652484,1682.5843105747806,2331.058995372906
78.88116971706891,2011.4136201011938,3.4153827353196546,4242.040236471922,0.0
98.37849532333051,2074.079669820867,1.8009180216709597,4217.12271498032,0.0
49.62517530825512,1868.0826481597478,4.556677740756625,530.6148599470639,2710.8606479195755
62.904278360412384,1170.9991408543901,1.1827380919756214,3998.8211826703873,156.2280502015468
